expected_group_id,group_key_current,group_size_current,bid_no,bid_ord,entry_key,project_name,notice_date,demand_org_name,review_status,review_note,suggested_decision,suggested_reason,group_title_variants,group_org_variants,group_bid_nos
draft-group-001,부산정보관광고등학교그린스마트스쿨리모델링,3,20240340653,000,20240340653|000|부산정보관광고등학교-그린스마트스쿨-리모델링-건축설계공모,부산정보관광고등학교 그린스마트스쿨 리모델링 건축설계공모,20240325,부산광역시교육청 부산정보관광고등학교,accepted,?? ?? baseline ??? ?? ??,keep,?? ?? baseline ??? ?? ??,부산정보관광고등학교 그린스마트스쿨 리모델링 건축설계공모 || 부산정보관광고등학교 그린스마트스쿨 리모델링 건축설계공모(재공고),부산광역시교육청 부산정보관광고등학교,20240340653 || 20240348981 || 20240349047
draft-group-001,부산정보관광고등학교그린스마트스쿨리모델링,3,20240348981,000,20240348981|000|부산정보관광고등학교-그린스마트스쿨-리모델링-건축설계공모,부산정보관광고등학교 그린스마트스쿨 리모델링 건축설계공모,20240329,부산광역시교육청 부산정보관광고등학교,accepted,?? ?? baseline ??? ?? ??,keep,?? ?? baseline ??? ?? ??,부산정보관광고등학교 그린스마트스쿨 리모델링 건축설계공모 || 부산정보관광고등학교 그린스마트스쿨 리모델링 건축설계공모(재공고),부산광역시교육청 부산정보관광고등학교,20240340653 || 20240348981 || 20240349047
draft-group-001,부산정보관광고등학교그린스마트스쿨리모델링,3,20240349047,000,20240349047|000|부산정보관광고등학교-그린스마트스쿨-리모델링-건축설계공모(재공고),부산정보관광고등학교 그린스마트스쿨 리모델링 건축설계공모(재공고),20240329,부산광역시교육청 부산정보관광고등학교,accepted,?? ?? baseline ??? ?? ??,keep,?? ?? baseline ??? ?? ??,부산정보관광고등학교 그린스마트스쿨 리모델링 건축설계공모 || 부산정보관광고등학교 그린스마트스쿨 리모델링 건축설계공모(재공고),부산광역시교육청 부산정보관광고등학교,20240340653 || 20240348981 || 20240349047
draft-group-002,장마면기초생활거점조성행복문화복합센터세부,3,R25BK00614312,000,r25bk00614312|000|장마면-기초생활-거점조성(행복문화복합센터)-세부설계용역(건축설계공모),장마면 기초생활 거점조성(행복문화복합센터) 세부설계용역(건축설계공모),20250204,경상남도 창녕군,accepted,?? ?? baseline ??? ?? ??,keep,?? ?? baseline ??? ?? ??,장마면 기초생활 거점조성(행복문화복합센터) 세부설계용역(건축설계공모),경상남도 창녕군,R25BK00614312 || R25BK00759830 || R25BK00833907
draft-group-002,장마면기초생활거점조성행복문화복합센터세부,3,R25BK00759830,000,r25bk00759830|000|장마면-기초생활-거점조성(행복문화복합센터)-세부설계용역(건축설계공모),장마면 기초생활 거점조성(행복문화복합센터) 세부설계용역(건축설계공모),20250402,경상남도 창녕군,accepted,?? ?? baseline ??? ?? ??,keep,?? ?? baseline ??? ?? ??,장마면 기초생활 거점조성(행복문화복합센터) 세부설계용역(건축설계공모),경상남도 창녕군,R25BK00614312 || R25BK00759830 || R25BK00833907
draft-group-002,장마면기초생활거점조성행복문화복합센터세부,3,R25BK00833907,000,r25bk00833907|000|장마면-기초생활-거점조성(행복문화복합센터)-세부설계용역(건축설계공모),장마면 기초생활 거점조성(행복문화복합센터) 세부설계용역(건축설계공모),20250508,경상남도 창녕군,accepted,?? ?? baseline ??? ?? ??,keep,?? ?? baseline ??? ?? ??,장마면 기초생활 거점조성(행복문화복합센터) 세부설계용역(건축설계공모),경상남도 창녕군,R25BK00614312 || R25BK00759830 || R25BK00833907
draft-group-003,88올림픽기념국민생활관,2,R25BK00942195,000,r25bk00942195|000|88올림픽기념-국민생활관-부설주차장-증축사업-건축설계공모(일반공모),88올림픽기념 국민생활관 부설주차장 증축사업 건축설계공모(일반공모),20250704,인천광역시 종합건설본부,accepted,?? ?? baseline ??? ?? ??,keep,?? ?? baseline ??? ?? ??,88올림픽기념 국민생활관 부설주차장 증축사업 건축설계공모(일반공모),인천광역시 종합건설본부,R25BK00942195 || R25BK01114672
draft-group-003,88올림픽기념국민생활관,2,R25BK01114672,000,r25bk01114672|000|88올림픽기념-국민생활관-부설주차장-증축사업-건축설계공모(일반공모),88올림픽기념 국민생활관 부설주차장 증축사업 건축설계공모(일반공모),20251028,인천광역시 종합건설본부,accepted,?? ?? baseline ??? ?? ??,keep,?? ?? baseline ??? ?? ??,88올림픽기념 국민생활관 부설주차장 증축사업 건축설계공모(일반공모),인천광역시 종합건설본부,R25BK00942195 || R25BK01114672
draft-group-004,가칭오송2고등학교신축공사,2,R25BK00590835,000,r25bk00590835|000|(가칭)오송2고등학교-신축공사-설계공모,(가칭)오송2고등학교 신축공사 설계공모,20250120,충청북도교육청,accepted,?? ?? baseline ??? ?? ??,keep,?? ?? baseline ??? ?? ??,(가칭)오송2고등학교 신축공사 설계공모,충청북도교육청,R25BK00590835 || R25BK00591197
draft-group-004,가칭오송2고등학교신축공사,2,R25BK00591197,000,r25bk00591197|000|(가칭)오송2고등학교-신축공사-설계공모,(가칭)오송2고등학교 신축공사 설계공모,20250120,충청북도교육청,accepted,?? ?? baseline ??? ?? ??,keep,?? ?? baseline ??? ?? ??,(가칭)오송2고등학교 신축공사 설계공모,충청북도교육청,R25BK00590835 || R25BK00591197
draft-group-005,가칭장안1초등학교교사신축,2,R25BK00820767,000,r25bk00820767|000|(가칭)장안1초등학교-교사신축-건축설계공모,(가칭)장안1초등학교 교사신축 건축설계공모,20250429,부산광역시교육청,accepted,?? ?? baseline ??? ?? ??,keep,?? ?? baseline ??? ?? ??,(가칭)장안1초등학교 교사신축 건축설계공모 || (재공고)(가칭)장안1초등학교 교사신축 건축설계공모,부산광역시교육청,R25BK00820767 || R25BK00988843
draft-group-005,가칭장안1초등학교교사신축,2,R25BK00988843,000,r25bk00988843|000|(재공고)(가칭)장안1초등학교-교사신축-건축설계공모,(재공고)(가칭)장안1초등학교 교사신축 건축설계공모,20250801,부산광역시교육청,accepted,?? ?? baseline ??? ?? ??,keep,?? ?? baseline ??? ?? ??,(가칭)장안1초등학교 교사신축 건축설계공모 || (재공고)(가칭)장안1초등학교 교사신축 건축설계공모,부산광역시교육청,R25BK00820767 || R25BK00988843
draft-group-006,거창군쇠빛커뮤니티센터건립사업,2,R25BK01003178,000,r25bk01003178|000|거창군-쇠빛-커뮤니티센터-건립사업-설계공모,거창군 쇠빛 커뮤니티센터 건립사업 설계공모,20250811,경상남도 거창군,accepted,?? ?? baseline ??? ?? ??,keep,?? ?? baseline ??? ?? ??,거창군 쇠빛 커뮤니티센터 건립사업 설계공모,경상남도 거창군,R25BK01003178 || R25BK01003730
draft-group-006,거창군쇠빛커뮤니티센터건립사업,2,R25BK01003730,000,r25bk01003730|000|거창군-쇠빛-커뮤니티센터-건립사업-설계공모,거창군 쇠빛 커뮤니티센터 건립사업 설계공모,20250811,경상남도 거창군,accepted,?? ?? baseline ??? ?? ??,keep,?? ?? baseline ??? ?? ??,거창군 쇠빛 커뮤니티센터 건립사업 설계공모,경상남도 거창군,R25BK01003178 || R25BK01003730
draft-group-008,경북대학교복지관주변학생보행안전을위한차없는거리조성사업,2,R25BK00684517,000,r25bk00684517|000|경북대학교-복지관-주변-학생-보행안전을-위한-차없는-거리-조성사업-설계공모,경북대학교 복지관 주변 학생 보행안전을 위한 차없는 거리 조성사업 설계공모,20250304,경북대학교,accepted,?? ?? baseline ??? ?? ??,keep,?? ?? baseline ??? ?? ??,경북대학교 복지관 주변 학생 보행안전을 위한 차없는 거리 조성사업 설계공모 || 경북대학교 복지관 주변 학생 보행안전을 위한 차없는 거리 조성사업 설계공모(재공고),경북대학교,R25BK00684517 || R25BK00720004
draft-group-008,경북대학교복지관주변학생보행안전을위한차없는거리조성사업,2,R25BK00720004,000,r25bk00720004|000|경북대학교-복지관-주변-학생-보행안전을-위한-차없는-거리-조성사업-설계공모(재공고),경북대학교 복지관 주변 학생 보행안전을 위한 차없는 거리 조성사업 설계공모(재공고),20250317,경북대학교,accepted,?? ?? baseline ??? ?? ??,keep,?? ?? baseline ??? ?? ??,경북대학교 복지관 주변 학생 보행안전을 위한 차없는 거리 조성사업 설계공모 || 경북대학교 복지관 주변 학생 보행안전을 위한 차없는 거리 조성사업 설계공모(재공고),경북대학교,R25BK00684517 || R25BK00720004
draft-group-009,경주여자정보고등학교공간재구조화,2,R25BK00942269,000,r25bk00942269|000|경주여자정보고등학교-공간재구조화-조성사업-설계공모[제안공모]-공고,경주여자정보고등학교 공간재구조화 조성사업 설계공모[제안공모] 공고,20250707,경상북도교육청 경주여자정보고등학교,accepted,?? ?? baseline ??? ?? ??,keep,?? ?? baseline ??? ?? ??,경주여자정보고등학교 공간재구조화 조성사업 설계공모[제안공모] 공고,경상북도교육청 경주여자정보고등학교,R25BK00942269 || R25BK00951585
draft-group-009,경주여자정보고등학교공간재구조화,2,R25BK00951585,000,r25bk00951585|000|경주여자정보고등학교-공간재구조화-조성사업-설계공모[제안공모]-공고,경주여자정보고등학교 공간재구조화 조성사업 설계공모[제안공모] 공고,20250710,경상북도교육청 경주여자정보고등학교,accepted,?? ?? baseline ??? ?? ??,keep,?? ?? baseline ??? ?? ??,경주여자정보고등학교 공간재구조화 조성사업 설계공모[제안공모] 공고,경상북도교육청 경주여자정보고등학교,R25BK00942269 || R25BK00951585
draft-group-010,고흥군선셋가든관광경관명소화사업일반,2,R25BK00766370,000,r25bk00766370|000|고흥군-선셋가든-관광경관-명소화사업-일반설계공모,고흥군 선셋가든 관광경관 명소화사업 일반설계공모,20250404,전라남도 고흥군,accepted,?? ?? baseline ??? ?? ??,keep,?? ?? baseline ??? ?? ??,고흥군 선셋가든 관광경관 명소화사업 일반설계공모,전라남도 고흥군,R25BK00766370 || R25BK00766848
draft-group-010,고흥군선셋가든관광경관명소화사업일반,2,R25BK00766848,000,r25bk00766848|000|고흥군-선셋가든-관광경관-명소화사업-일반설계공모,고흥군 선셋가든 관광경관 명소화사업 일반설계공모,20250404,전라남도 고흥군,accepted,?? ?? baseline ??? ?? ??,keep,?? ?? baseline ??? ?? ??,고흥군 선셋가든 관광경관 명소화사업 일반설계공모,전라남도 고흥군,R25BK00766370 || R25BK00766848
draft-group-011,곡성중학교학교복합시설건립공사,2,R25BK01051424,000,r25bk01051424|000|곡성중학교-학교복합시설-건립공사-건축설계-공모,곡성중학교 학교복합시설 건립공사 건축설계 공모,20250911,전라남도 곡성군,accepted,?? ?? baseline ??? ?? ??,keep,?? ?? baseline ??? ?? ??,곡성중학교 학교복합시설 건립공사 건축설계 공모,전라남도 곡성군,R25BK01051424 || R25BK01054720
draft-group-011,곡성중학교학교복합시설건립공사,2,R25BK01054720,000,r25bk01054720|000|곡성중학교-학교복합시설-건립공사-건축설계-공모,곡성중학교 학교복합시설 건립공사 건축설계 공모,20250911,전라남도 곡성군,accepted,?? ?? baseline ??? ?? ??,keep,?? ?? baseline ??? ?? ??,곡성중학교 학교복합시설 건립공사 건축설계 공모,전라남도 곡성군,R25BK01051424 || R25BK01054720
draft-group-012,광남건강복지센터건립사업,2,R25BK01022126,000,r25bk01022126|000|광남건강복지센터-건립사업-설계공모,광남건강복지센터 건립사업 설계공모,20250822,경기도 광주시,accepted,?? ?? baseline ??? ?? ??,keep,?? ?? baseline ??? ?? ??,광남건강복지센터 건립사업 설계공모,경기도 광주시,R25BK01022126 || R25BK01026360
draft-group-012,광남건강복지센터건립사업,2,R25BK01026360,000,r25bk01026360|000|광남건강복지센터-건립사업-설계공모,광남건강복지센터 건립사업 설계공모,20250826,경기도 광주시,accepted,?? ?? baseline ??? ?? ??,keep,?? ?? baseline ??? ?? ??,광남건강복지센터 건립사업 설계공모,경기도 광주시,R25BK01022126 || R25BK01026360
draft-group-013,국립목재문화체험장조성,2,R25BK00807344,000,r25bk00807344|000|국립목재문화체험장-조성-건축-및-전시설계-설계공모(제안공모)-공고,국립목재문화체험장 조성 건축 및 전시설계 설계공모(제안공모) 공고,20250428,산림청 북부지방산림청 서울국유림관리소,accepted,?? ?? baseline ??? ?? ??,keep,?? ?? baseline ??? ?? ??,국립목재문화체험장 조성 건축 및 전시설계 설계공모(제안공모) 공고,산림청 북부지방산림청 서울국유림관리소,R25BK00807344
draft-group-013,국립목재문화체험장조성,2,R25BK00807344,001,r25bk00807344|001|국립목재문화체험장-조성-건축-및-전시설계-설계공모(제안공모)-공고,국립목재문화체험장 조성 건축 및 전시설계 설계공모(제안공모) 공고,20250509,산림청 북부지방산림청 서울국유림관리소,accepted,?? ?? baseline ??? ?? ??,keep,?? ?? baseline ??? ?? ??,국립목재문화체험장 조성 건축 및 전시설계 설계공모(제안공모) 공고,산림청 북부지방산림청 서울국유림관리소,R25BK00807344
draft-group-014,국립창원대학교스포츠문화콤플렉스아레나플렉스arenaplex창원건립사업,2,R25BK00922341,000,r25bk00922341|000|국립창원대학교-스포츠·문화-콤플렉스-＇아레나플렉스(arenaplex)-창원＇-건립사업-설계공모,국립창원대학교 스포츠·문화 콤플렉스 ＇아레나플렉스(Arenaplex) 창원＇ 건립사업 설계공모,20250624,국립창원대학교,accepted,?? ?? baseline ??? ?? ??,keep,?? ?? baseline ??? ?? ??,국립창원대학교 스포츠·문화 콤플렉스 ＇아레나플렉스(Arenaplex) 창원＇ 건립사업 설계공모,국립창원대학교,R25BK00922341 || R25BK00924179
draft-group-014,국립창원대학교스포츠문화콤플렉스아레나플렉스arenaplex창원건립사업,2,R25BK00924179,000,r25bk00924179|000|국립창원대학교-스포츠·문화-콤플렉스-＇아레나플렉스(arenaplex)-창원＇-건립사업-설계공모,국립창원대학교 스포츠·문화 콤플렉스 ＇아레나플렉스(Arenaplex) 창원＇ 건립사업 설계공모,20250624,국립창원대학교,accepted,?? ?? baseline ??? ?? ??,keep,?? ?? baseline ??? ?? ??,국립창원대학교 스포츠·문화 콤플렉스 ＇아레나플렉스(Arenaplex) 창원＇ 건립사업 설계공모,국립창원대학교,R25BK00922341 || R25BK00924179
draft-group-015,남원의료원6층병동리모델링공사,2,R25BK00950143,000,r25bk00950143|000|남원의료원-6층-병동-리모델링공사-건축설계공모,남원의료원 6층 병동 리모델링공사 건축설계공모,20250709,전북특별자치도 남원의료원,accepted,?? ?? baseline ??? ?? ??,keep,?? ?? baseline ??? ?? ??,남원의료원 6층 병동 리모델링공사 건축설계공모,전북특별자치도 남원의료원,R25BK00950143 || R25BK01058875
draft-group-015,남원의료원6층병동리모델링공사,2,R25BK01058875,000,r25bk01058875|000|남원의료원-6층-병동-리모델링공사-건축설계공모,남원의료원 6층 병동 리모델링공사 건축설계공모,20250915,전북특별자치도 남원의료원,accepted,?? ?? baseline ??? ?? ??,keep,?? ?? baseline ??? ?? ??,남원의료원 6층 병동 리모델링공사 건축설계공모,전북특별자치도 남원의료원,R25BK00950143 || R25BK01058875
draft-group-016,내포신도시한옥마을,2,R25BK00888335,000,r25bk00888335|000|내포신도시-한옥마을-한옥-건축사업-건축설계-공모,내포신도시 한옥마을 한옥 건축사업 건축설계 공모,20250605,충청남도개발공사,accepted,?? ?? baseline ??? ?? ??,keep,?? ?? baseline ??? ?? ??,내포신도시 한옥마을 한옥 건축사업 건축설계 공모 || 내포신도시 한옥마을 한옥 건축사업 건축설계 공모(새로공고),충청남도개발공사,R25BK00888335 || R25BK00892760
draft-group-016,내포신도시한옥마을,2,R25BK00892760,000,r25bk00892760|000|내포신도시-한옥마을-한옥-건축사업-건축설계-공모(새로공고),내포신도시 한옥마을 한옥 건축사업 건축설계 공모(새로공고),20250609,충청남도개발공사,accepted,?? ?? baseline ??? ?? ??,keep,?? ?? baseline ??? ?? ??,내포신도시 한옥마을 한옥 건축사업 건축설계 공모 || 내포신도시 한옥마을 한옥 건축사업 건축설계 공모(새로공고),충청남도개발공사,R25BK00888335 || R25BK00892760
draft-group-017,농수산물도매시장청과동복구공사,2,R25BK00821375,000,r25bk00821375|000|농수산물도매시장-청과동-복구공사-설계공모,농수산물도매시장 청과동 복구공사 설계공모,20250430,경기도 안양시,accepted,?? ?? baseline ??? ?? ??,keep,?? ?? baseline ??? ?? ??,농수산물도매시장 청과동 복구공사 설계공모 || 농수산물도매시장 청과동 복구공사 설계공모(재공모),경기도 안양시,R25BK00821375 || R25BK00881088
draft-group-017,농수산물도매시장청과동복구공사,2,R25BK00881088,000,r25bk00881088|000|농수산물도매시장-청과동-복구공사-설계공모(재공모),농수산물도매시장 청과동 복구공사 설계공모(재공모),20250602,경기도 안양시,accepted,?? ?? baseline ??? ?? ??,keep,?? ?? baseline ??? ?? ??,농수산물도매시장 청과동 복구공사 설계공모 || 농수산물도매시장 청과동 복구공사 설계공모(재공모),경기도 안양시,R25BK00821375 || R25BK00881088
draft-group-018,농업근로자기숙사건립,2,R25BK01114410,000,r25bk01114410|000|농업근로자기숙사건립설계공모,농업근로자기숙사건립설계공모,20251027,충청북도 충주시,accepted,?? ?? baseline ??? ?? ??,keep,?? ?? baseline ??? ?? ??,농업근로자기숙사건립설계공모,충청북도 충주시,R25BK01114410 || R25BK01116085
draft-group-018,농업근로자기숙사건립,2,R25BK01116085,000,r25bk01116085|000|농업근로자기숙사건립설계공모,농업근로자기숙사건립설계공모,20251027,충청북도 충주시,accepted,?? ?? baseline ??? ?? ??,keep,?? ?? baseline ??? ?? ??,농업근로자기숙사건립설계공모,충청북도 충주시,R25BK01114410 || R25BK01116085
draft-group-019,대구명복공원현대화사업,2,R25BK00830890,000,r25bk00830890|000|대구명복공원-현대화사업-설계공모,대구명복공원 현대화사업 설계공모,20250520,대구광역시 도시건설본부,accepted,?? ?? baseline ??? ?? ??,keep,?? ?? baseline ??? ?? ??,대구명복공원 현대화사업 설계공모,대구광역시 도시건설본부,R25BK00830890 || R25BK00857576
draft-group-019,대구명복공원현대화사업,2,R25BK00857576,000,r25bk00857576|000|대구명복공원-현대화사업-설계공모,대구명복공원 현대화사업 설계공모,20250520,대구광역시 도시건설본부,accepted,?? ?? baseline ??? ?? ??,keep,?? ?? baseline ??? ?? ??,대구명복공원 현대화사업 설계공모,대구광역시 도시건설본부,R25BK00830890 || R25BK00857576
draft-group-020,도시재생뉴딜사업윗장뜰어울림센터조성사업,2,R25BK01149158,000,r25bk01149158|000|도시재생뉴딜사업(윗장뜰)-어울림센터-조성사업-건축설계공모,도시재생뉴딜사업(윗장뜰) 어울림센터 조성사업 건축설계공모,20251112,충청북도 증평군,accepted,?? ?? baseline ??? ?? ??,keep,?? ?? baseline ??? ?? ??,도시재생뉴딜사업(윗장뜰) 어울림센터 조성사업 건축설계공모,충청북도 증평군,R25BK01149158 || R25BK01156043
draft-group-020,도시재생뉴딜사업윗장뜰어울림센터조성사업,2,R25BK01156043,000,r25bk01156043|000|도시재생뉴딜사업(윗장뜰)-어울림센터-조성사업-건축설계공모,도시재생뉴딜사업(윗장뜰) 어울림센터 조성사업 건축설계공모,20251114,충청북도 증평군,accepted,?? ?? baseline ??? ?? ??,keep,?? ?? baseline ??? ?? ??,도시재생뉴딜사업(윗장뜰) 어울림센터 조성사업 건축설계공모,충청북도 증평군,R25BK01149158 || R25BK01156043
draft-group-021,동강영월더웰타운공공임대주택,2,R25BK01070505,000,r25bk01070505|000|동강-영월-더-웰타운-공공임대주택-건축설계공모,동강 영월 더 웰타운 공공임대주택 건축설계공모,20250922,강원특별자치도 영월군,accepted,?? ?? baseline ??? ?? ??,keep,?? ?? baseline ??? ?? ??,동강 영월 더 웰타운 공공임대주택 건축설계공모 || 동강 영월 더 웰타운 공공임대주택 건축설계공모(수정),강원특별자치도 영월군,R25BK01070505 || R25BK01071728
draft-group-021,동강영월더웰타운공공임대주택,2,R25BK01071728,000,r25bk01071728|000|동강-영월-더-웰타운-공공임대주택-건축설계공모(수정),동강 영월 더 웰타운 공공임대주택 건축설계공모(수정),20250922,강원특별자치도 영월군,accepted,?? ?? baseline ??? ?? ??,keep,?? ?? baseline ??? ?? ??,동강 영월 더 웰타운 공공임대주택 건축설계공모 || 동강 영월 더 웰타운 공공임대주택 건축설계공모(수정),강원특별자치도 영월군,R25BK01070505 || R25BK01071728
draft-group-022,동래고등학교체육관보수공사,2,R25BK00658306,000,r25bk00658306|000|동래고등학교-체육관-보수공사-건축설계공모,동래고등학교 체육관 보수공사 건축설계공모,20250219,부산광역시교육청,accepted,?? ?? baseline ??? ?? ??,keep,?? ?? baseline ??? ?? ??,(재공고)동래고등학교 체육관 보수공사 건축설계공모 || 동래고등학교 체육관 보수공사 건축설계공모,부산광역시교육청,R25BK00658306 || R25BK00797744
draft-group-022,동래고등학교체육관보수공사,2,R25BK00797744,000,r25bk00797744|000|(재공고)동래고등학교-체육관-보수공사-건축설계공모,(재공고)동래고등학교 체육관 보수공사 건축설계공모,20250418,부산광역시교육청,accepted,?? ?? baseline ??? ?? ??,keep,?? ?? baseline ??? ?? ??,(재공고)동래고등학교 체육관 보수공사 건축설계공모 || 동래고등학교 체육관 보수공사 건축설계공모,부산광역시교육청,R25BK00658306 || R25BK00797744
draft-group-023,동수영중학교그린스마트스쿨리모델링재,2,20240420985,000,20240420985|000|동수영중학교-그린스마트스쿨-리모델링-건축설계-공모-재공고,동수영중학교 그린스마트스쿨 리모델링 건축설계 공모 재공고,20240412,부산광역시해운대교육청 동수영중학교,accepted,?? ?? baseline ??? ?? ??,keep,?? ?? baseline ??? ?? ??,동수영중학교 그린스마트스쿨 리모델링 건축 설계공모 재공고 || 동수영중학교 그린스마트스쿨 리모델링 건축설계 공모 재공고,부산광역시해운대교육청 동수영중학교,20240420985 || 20240421148
draft-group-023,동수영중학교그린스마트스쿨리모델링재,2,20240421148,000,20240421148|000|동수영중학교-그린스마트스쿨-리모델링-건축-설계공모-재공고,동수영중학교 그린스마트스쿨 리모델링 건축 설계공모 재공고,20240412,부산광역시해운대교육청 동수영중학교,accepted,?? ?? baseline ??? ?? ??,keep,?? ?? baseline ??? ?? ??,동수영중학교 그린스마트스쿨 리모델링 건축 설계공모 재공고 || 동수영중학교 그린스마트스쿨 리모델링 건축설계 공모 재공고,부산광역시해운대교육청 동수영중학교,20240420985 || 20240421148
draft-group-024,매탄1동행정복지센터,2,R25BK00748596,000,r25bk00748596|000|매탄1동-행정복지센터-건축-설계공모-공고,매탄1동 행정복지센터 건축 설계공모 공고,20250328,경기도 수원시 영통구,accepted,?? ?? baseline ??? ?? ??,keep,?? ?? baseline ??? ?? ??,매탄1동 행정복지센터 건축 설계공모 공고,경기도 수원시 영통구,R25BK00748596
draft-group-024,매탄1동행정복지센터,2,R25BK00748596,001,r25bk00748596|001|매탄1동-행정복지센터-건축-설계공모-공고,매탄1동 행정복지센터 건축 설계공모 공고,20250602,경기도 수원시 영통구,accepted,?? ?? baseline ??? ?? ??,keep,?? ?? baseline ??? ?? ??,매탄1동 행정복지센터 건축 설계공모 공고,경기도 수원시 영통구,R25BK00748596
draft-group-025,무안시니어친화형국민체육센터건립사업,2,R25BK00805515,000,r25bk00805515|000|무안-시니어친화형-국민체육센터-건립사업-건축설계-공모-공고,무안 시니어친화형 국민체육센터 건립사업 건축설계 공모 공고,20250423,전라남도 무안군,accepted,?? ?? baseline ??? ?? ??,keep,?? ?? baseline ??? ?? ??,무안 시니어친화형 국민체육센터 건립사업 건축설계 공모 공고,전라남도 무안군,R25BK00805515 || R25BK00826551
draft-group-025,무안시니어친화형국민체육센터건립사업,2,R25BK00826551,001,r25bk00826551|001|무안-시니어친화형-국민체육센터-건립사업-건축설계-공모-공고,무안 시니어친화형 국민체육센터 건립사업 건축설계 공모 공고,20250502,전라남도 무안군,accepted,?? ?? baseline ??? ?? ??,keep,?? ?? baseline ??? ?? ??,무안 시니어친화형 국민체육센터 건립사업 건축설계 공모 공고,전라남도 무안군,R25BK00805515 || R25BK00826551
draft-group-026,봉화목재친화도시조성사업봉화솔향센터건립공사,2,R25BK00667945,000,r25bk00667945|000|봉화-목재친화도시-조성사업-봉화솔향센터-건립공사-설계공모,봉화 목재친화도시 조성사업 봉화솔향센터 건립공사 설계공모,20250224,경상북도 봉화군,accepted,?? ?? baseline ??? ?? ??,keep,?? ?? baseline ??? ?? ??,봉화 목재친화도시 조성사업 봉화솔향센터 건립공사 설계공모,경상북도 봉화군,R25BK00667945 || R25BK00668169
draft-group-026,봉화목재친화도시조성사업봉화솔향센터건립공사,2,R25BK00668169,000,r25bk00668169|000|봉화-목재친화도시-조성사업-봉화솔향센터-건립공사-설계공모,봉화 목재친화도시 조성사업 봉화솔향센터 건립공사 설계공모,20250224,경상북도 봉화군,accepted,?? ?? baseline ??? ?? ??,keep,?? ?? baseline ??? ?? ??,봉화 목재친화도시 조성사업 봉화솔향센터 건립공사 설계공모,경상북도 봉화군,R25BK00667945 || R25BK00668169
draft-group-027,부평동주민센터,2,20240539790,000,20240539790|000|부평동-주민센터-건축-설계공모,부평동 주민센터 건축 설계공모,20240610,부산광역시 중구,accepted,?? ?? baseline ??? ?? ??,keep,?? ?? baseline ??? ?? ??,부평동 주민센터 건축 설계공모,부산광역시 중구,20240539790 || 20240612456
draft-group-027,부평동주민센터,2,20240612456,000,20240612456|000|부평동-주민센터-건축-설계공모,부평동 주민센터 건축 설계공모,20240611,부산광역시 중구,accepted,?? ?? baseline ??? ?? ??,keep,?? ?? baseline ??? ?? ??,부평동 주민센터 건축 설계공모,부산광역시 중구,20240539790 || 20240612456
draft-group-028,사상구구립요양원건립,2,R25BK00626200,000,r25bk00626200|000|사상구-구립-요양원-건립-설계공모,사상구 구립 요양원 건립 설계공모,20250207,부산광역시 사상구,accepted,?? ?? baseline ??? ?? ??,keep,?? ?? baseline ??? ?? ??,사상구 구립 요양원 건립 설계공모,부산광역시 사상구,R25BK00626200 || R25BK00632844
draft-group-028,사상구구립요양원건립,2,R25BK00632844,000,r25bk00632844|000|사상구-구립-요양원-건립-설계공모,사상구 구립 요양원 건립 설계공모,20250211,부산광역시 사상구,accepted,?? ?? baseline ??? ?? ??,keep,?? ?? baseline ??? ?? ??,사상구 구립 요양원 건립 설계공모,부산광역시 사상구,R25BK00626200 || R25BK00632844
draft-group-030,사하중학교그린스마트스쿨교사개축,2,20240348660,000,20240348660|000|사하중학교-그린스마트스쿨-교사개축-건축설계공모,사하중학교 그린스마트스쿨 교사개축 건축설계공모,20240329,부산광역시교육청,accepted,?? ?? baseline ??? ?? ??,keep,?? ?? baseline ??? ?? ??,사하중학교 그린스마트스쿨 교사개축 건축설계공모,부산광역시교육청,20240348660 || 20240419025
draft-group-030,사하중학교그린스마트스쿨교사개축,2,20240419025,000,20240419025|000|사하중학교-그린스마트스쿨-교사개축-건축설계공모,사하중학교 그린스마트스쿨 교사개축 건축설계공모,20240411,부산광역시교육청,accepted,?? ?? baseline ??? ?? ??,keep,?? ?? baseline ??? ?? ??,사하중학교 그린스마트스쿨 교사개축 건축설계공모,부산광역시교육청,20240348660 || 20240419025
draft-group-031,서부산스마트밸리청년문화센터건립사업,2,R25BK01083083,000,r25bk01083083|000|서부산스마트밸리-청년문화센터-건립사업-설계공모,서부산스마트밸리 청년문화센터 건립사업 설계공모,20251010,부산광역시 사하구,accepted,?? ?? baseline ??? ?? ??,keep,?? ?? baseline ??? ?? ??,서부산스마트밸리 청년문화센터 건립사업 설계공모,부산광역시 사하구,R25BK01083083 || R25BK01083115
draft-group-031,서부산스마트밸리청년문화센터건립사업,2,R25BK01083115,000,r25bk01083115|000|서부산스마트밸리-청년문화센터-건립사업-설계공모,서부산스마트밸리 청년문화센터 건립사업 설계공모,20251010,부산광역시 사하구,accepted,?? ?? baseline ??? ?? ??,keep,?? ?? baseline ??? ?? ??,서부산스마트밸리 청년문화센터 건립사업 설계공모,부산광역시 사하구,R25BK01083083 || R25BK01083115
draft-group-033,설천중고연립관사개축,2,R25BK01048447,000,r25bk01048447|000|설천중고-연립관사-개축-설계공모,설천중고 연립관사 개축 설계공모,20250915,전북특별자치도교육청 전북특별자치도무주교육지원청,accepted,?? ?? baseline ??? ?? ??,keep,?? ?? baseline ??? ?? ??,(재공고)설천중고 연립관사 개축 설계공모 || 설천중고 연립관사 개축 설계공모,전북특별자치도교육청 전북특별자치도무주교육지원청,R25BK01048447 || R25BK01120880
draft-group-033,설천중고연립관사개축,2,R25BK01120880,000,r25bk01120880|000|(재공고)설천중고-연립관사-개축-설계공모,(재공고)설천중고 연립관사 개축 설계공모,20251103,전북특별자치도교육청 전북특별자치도무주교육지원청,accepted,?? ?? baseline ??? ?? ??,keep,?? ?? baseline ??? ?? ??,(재공고)설천중고 연립관사 개축 설계공모 || 설천중고 연립관사 개축 설계공모,전북특별자치도교육청 전북특별자치도무주교육지원청,R25BK01048447 || R25BK01120880
draft-group-034,식품바이오기술개발지원센터신축,2,R25BK00609469,000,r25bk00609469|000|식품·바이오-기술개발지원센터-신축-기본-및-실시설계용역(건축설계공모),식품·바이오 기술개발지원센터 신축 기본 및 실시설계용역(건축설계공모),20250203,강원특별자치도 홍천군,accepted,?? ?? baseline ??? ?? ??,keep,?? ?? baseline ??? ?? ??,식품·바이오 기술개발지원센터 신축 기본 및 실시설계용역(건축설계공모),강원특별자치도 홍천군,R25BK00609469 || R25BK00614716
draft-group-034,식품바이오기술개발지원센터신축,2,R25BK00614716,000,r25bk00614716|000|식품·바이오-기술개발지원센터-신축-기본-및-실시설계용역(건축설계공모),식품·바이오 기술개발지원센터 신축 기본 및 실시설계용역(건축설계공모),20250204,강원특별자치도 홍천군,accepted,?? ?? baseline ??? ?? ??,keep,?? ?? baseline ??? ?? ??,식품·바이오 기술개발지원센터 신축 기본 및 실시설계용역(건축설계공모),강원특별자치도 홍천군,R25BK00609469 || R25BK00614716
draft-group-035,양산부산대학교병원임상교육훈련센터건립,2,R25BK00794298,000,r25bk00794298|000|양산부산대학교병원-임상교육훈련센터-건립-설계공모,양산부산대학교병원 임상교육훈련센터 건립 설계공모,20250423,양산부산대학교병원,accepted,?? ?? baseline ??? ?? ??,keep,?? ?? baseline ??? ?? ??,양산부산대학교병원 임상교육훈련센터 건립 설계공모,양산부산대학교병원,R25BK00794298
draft-group-035,양산부산대학교병원임상교육훈련센터건립,2,R25BK00794298,001,r25bk00794298|001|양산부산대학교병원-임상교육훈련센터-건립-설계공모,양산부산대학교병원 임상교육훈련센터 건립 설계공모,20250514,양산부산대학교병원,accepted,?? ?? baseline ??? ?? ??,keep,?? ?? baseline ??? ?? ??,양산부산대학교병원 임상교육훈련센터 건립 설계공모,양산부산대학교병원,R25BK00794298
draft-group-036,업사이클센터설치사업,2,R25BK01054112,000,r25bk01054112|000|업사이클센터-설치사업-설계공모,업사이클센터 설치사업 설계공모,20250911,경기도 안양시,accepted,?? ?? baseline ??? ?? ??,keep,?? ?? baseline ??? ?? ??,업사이클센터 설치사업 설계공모,경기도 안양시,R25BK01054112 || R25BK01253066
draft-group-036,업사이클센터설치사업,2,R25BK01253066,000,r25bk01253066|000|업사이클센터-설치사업-설계공모,업사이클센터 설치사업 설계공모,20251230,경기도 안양시,accepted,?? ?? baseline ??? ?? ??,keep,?? ?? baseline ??? ?? ??,업사이클센터 설치사업 설계공모,경기도 안양시,R25BK01054112 || R25BK01253066
draft-group-037,영등포구통합신청사국제,2,R25BK00929447,000,r25bk00929447|000|영등포구-통합-신청사-국제설계공모,영등포구 통합 신청사 국제설계공모,20250627,서울특별시 영등포구,accepted,?? ?? baseline ??? ?? ??,keep,?? ?? baseline ??? ?? ??,영등포구 통합 신청사 국제설계공모,서울특별시 영등포구,R25BK00929447 || R25BK00930764
draft-group-037,영등포구통합신청사국제,2,R25BK00930764,000,r25bk00930764|000|영등포구-통합-신청사-국제설계공모,영등포구 통합 신청사 국제설계공모,20250627,서울특별시 영등포구,accepted,?? ?? baseline ??? ?? ??,keep,?? ?? baseline ??? ?? ??,영등포구 통합 신청사 국제설계공모,서울특별시 영등포구,R25BK00929447 || R25BK00930764
draft-group-038,옥천트리가드닝파크조성사업,2,R25BK01115612,000,r25bk01115612|000|옥천트리가드닝파크-조성사업-설계공모,옥천트리가드닝파크 조성사업 설계공모,20251027,충청북도 옥천군,accepted,?? ?? baseline ??? ?? ??,keep,?? ?? baseline ??? ?? ??,옥천트리가드닝파크 조성사업 설계공모 || 옥천트리가드닝파크 조성사업 설계공모(재공고),충청북도 옥천군,R25BK01115612 || R25BK01189330
draft-group-038,옥천트리가드닝파크조성사업,2,R25BK01189330,000,r25bk01189330|000|옥천트리가드닝파크-조성사업-설계공모(재공고),옥천트리가드닝파크 조성사업 설계공모(재공고),20251128,충청북도 옥천군,accepted,?? ?? baseline ??? ?? ??,keep,?? ?? baseline ??? ?? ??,옥천트리가드닝파크 조성사업 설계공모 || 옥천트리가드닝파크 조성사업 설계공모(재공고),충청북도 옥천군,R25BK01115612 || R25BK01189330
draft-group-039,울산양정초그린스마트미래학교리모델링공사,2,R25BK00907103,000,r25bk00907103|000|울산양정초-그린스마트-미래학교-리모델링공사-설계공모(제안공모),울산양정초 그린스마트 미래학교 리모델링공사 설계공모(제안공모),20250616,울산광역시교육청 울산광역시강북교육지원청,accepted,?? ?? baseline ??? ?? ??,keep,?? ?? baseline ??? ?? ??,울산양정초 그린스마트 미래학교 리모델링공사 설계공모(제안공모),울산광역시교육청 울산광역시강북교육지원청,R25BK00907103 || R25BK00985521
draft-group-039,울산양정초그린스마트미래학교리모델링공사,2,R25BK00985521,000,r25bk00985521|000|울산양정초-그린스마트-미래학교-리모델링공사-설계공모(제안공모),울산양정초 그린스마트 미래학교 리모델링공사 설계공모(제안공모),20250730,울산광역시교육청 울산광역시강북교육지원청,accepted,?? ?? baseline ??? ?? ??,keep,?? ?? baseline ??? ?? ??,울산양정초 그린스마트 미래학교 리모델링공사 설계공모(제안공모),울산광역시교육청 울산광역시강북교육지원청,R25BK00907103 || R25BK00985521
draft-group-040,웅촌초공간재구조화증개축공사,2,R25BK00930568,000,r25bk00930568|000|웅촌초-공간재구조화-증개축공사-건축설계공모,웅촌초 공간재구조화 증개축공사 건축설계공모,20250630,울산광역시교육청,accepted,?? ?? baseline ??? ?? ??,keep,?? ?? baseline ??? ?? ??,웅촌초 공간재구조화 증개축공사 건축설계공모,울산광역시교육청,R25BK00930568 || R25BK00976815
draft-group-040,웅촌초공간재구조화증개축공사,2,R25BK00976815,000,r25bk00976815|000|웅촌초-공간재구조화-증개축공사-건축설계공모,웅촌초 공간재구조화 증개축공사 건축설계공모,20250724,울산광역시교육청,accepted,?? ?? baseline ??? ?? ??,keep,?? ?? baseline ??? ?? ??,웅촌초 공간재구조화 증개축공사 건축설계공모,울산광역시교육청,R25BK00930568 || R25BK00976815
draft-group-043,제주경찰청제1기동대신축,2,R25BK00645302,000,r25bk00645302|000|제주경찰청-제1기동대-신축-설계-공모,제주경찰청 제1기동대 신축 설계 공모,20250214,경찰청 제주특별자치도경찰청,accepted,?? ?? baseline ??? ?? ??,keep,?? ?? baseline ??? ?? ??,제주경찰청 제1기동대 신축 설계 공모,경찰청 제주특별자치도경찰청,R25BK00645302
draft-group-043,제주경찰청제1기동대신축,2,R25BK00645302,001,r25bk00645302|001|제주경찰청-제1기동대-신축-설계-공모,제주경찰청 제1기동대 신축 설계 공모,20250318,경찰청 제주특별자치도경찰청,accepted,?? ?? baseline ??? ?? ??,keep,?? ?? baseline ??? ?? ??,제주경찰청 제1기동대 신축 설계 공모,경찰청 제주특별자치도경찰청,R25BK00645302
draft-group-044,창녕중학교그린스마트미래학교개축공사,2,R25BK00912062,000,r25bk00912062|000|창녕중학교-그린스마트-미래학교-개축공사-설계공모,창녕중학교 그린스마트 미래학교 개축공사 설계공모,20250618,경상남도교육청 경상남도창녕교육지원청,accepted,?? ?? baseline ??? ?? ??,keep,?? ?? baseline ??? ?? ??,창녕중학교 그린스마트 미래학교 개축공사 설계공모,경상남도교육청 경상남도창녕교육지원청,R25BK00912062 || R25BK00934951
draft-group-044,창녕중학교그린스마트미래학교개축공사,2,R25BK00934951,000,r25bk00934951|000|창녕중학교-그린스마트-미래학교-개축공사-설계공모,창녕중학교 그린스마트 미래학교 개축공사 설계공모,20250702,경상남도교육청 경상남도창녕교육지원청,accepted,?? ?? baseline ??? ?? ??,keep,?? ?? baseline ??? ?? ??,창녕중학교 그린스마트 미래학교 개축공사 설계공모,경상남도교육청 경상남도창녕교육지원청,R25BK00912062 || R25BK00934951
draft-group-045,치매안심센터등복합시설건립사업,2,20240605700,000,"20240605700|000|사하구-보훈회관,-치매안심센터-등-복합시설-건립사업-설계공모","사하구 보훈회관, 치매안심센터 등 복합시설 건립사업 설계공모",20240605,부산광역시 사하구,accepted,?? ?? baseline ??? ?? ??,keep,?? ?? baseline ??? ?? ??,"사하구 보훈회관, 치매안심센터 등 복합시설 건립사업 설계공모",부산광역시 사하구,20240605700 || 20240606350
draft-group-045,치매안심센터등복합시설건립사업,2,20240606350,000,"20240606350|000|사하구-보훈회관,-치매안심센터-등-복합시설-건립사업-설계공모","사하구 보훈회관, 치매안심센터 등 복합시설 건립사업 설계공모",20240605,부산광역시 사하구,accepted,?? ?? baseline ??? ?? ??,keep,?? ?? baseline ??? ?? ??,"사하구 보훈회관, 치매안심센터 등 복합시설 건립사업 설계공모",부산광역시 사하구,20240605700 || 20240606350
draft-group-046,팁스타운공간리모델링,2,R25BK01005803,000,r25bk01005803|000|팁스타운-공간-리모델링-설계-공모,팁스타운 공간 리모델링 설계 공모,20250812,(사)한국엔젤투자협회,accepted,?? ?? baseline ??? ?? ??,keep,?? ?? baseline ??? ?? ??,팁스타운 공간 리모델링 설계 공모,(사)한국엔젤투자협회,R25BK01005803 || R25BK01058508
draft-group-046,팁스타운공간리모델링,2,R25BK01058508,000,r25bk01058508|000|팁스타운-공간-리모델링-설계-공모,팁스타운 공간 리모델링 설계 공모,20250915,(사)한국엔젤투자협회,accepted,?? ?? baseline ??? ?? ??,keep,?? ?? baseline ??? ?? ??,팁스타운 공간 리모델링 설계 공모,(사)한국엔젤투자협회,R25BK01005803 || R25BK01058508
draft-group-047,풍각힐링센터건립공사제안,2,R25BK01030497,000,r25bk01030497|000|풍각힐링센터건립공사제안설계공모,풍각힐링센터건립공사제안설계공모,20250827,경상북도 청도군,accepted,?? ?? baseline ??? ?? ??,keep,?? ?? baseline ??? ?? ??,풍각힐링센터건립공사제안설계공모,경상북도 청도군,R25BK01030497 || R25BK01032456
draft-group-047,풍각힐링센터건립공사제안,2,R25BK01032456,000,r25bk01032456|000|풍각힐링센터건립공사제안설계공모,풍각힐링센터건립공사제안설계공모,20250828,경상북도 청도군,accepted,?? ?? baseline ??? ?? ??,keep,?? ?? baseline ??? ?? ??,풍각힐링센터건립공사제안설계공모,경상북도 청도군,R25BK01030497 || R25BK01032456
draft-group-048,풍생중학교공간재구조화개축,2,R25BK00933846,000,r25bk00933846|000|풍생중학교-공간재구조화-개축-설계공모(제안공모),풍생중학교 공간재구조화 개축 설계공모(제안공모),20250701,경기도성남교육청 풍생중학교,accepted,?? ?? baseline ??? ?? ??,keep,?? ?? baseline ??? ?? ??,풍생중학교 공간재구조화 개축 설계공모(제안공모),경기도성남교육청 풍생중학교,R25BK00933846 || R25BK00981608
draft-group-048,풍생중학교공간재구조화개축,2,R25BK00981608,000,r25bk00981608|000|풍생중학교-공간재구조화-개축-설계공모(제안공모),풍생중학교 공간재구조화 개축 설계공모(제안공모),20250729,경기도성남교육청 풍생중학교,accepted,?? ?? baseline ??? ?? ??,keep,?? ?? baseline ??? ?? ??,풍생중학교 공간재구조화 개축 설계공모(제안공모),경기도성남교육청 풍생중학교,R25BK00933846 || R25BK00981608
draft-group-050,화담산치유센터건립공사,2,R25BK00581424,000,r25bk00581424|000|화담산-치유센터-건립공사-건축설계공모,화담산 치유센터 건립공사 건축설계공모,20250115,대구광역시 북구,accepted,?? ?? baseline ??? ?? ??,keep,?? ?? baseline ??? ?? ??,화담산 치유센터 건립공사 건축설계공모,대구광역시 북구,R25BK00581424 || R25BK00581874
draft-group-050,화담산치유센터건립공사,2,R25BK00581874,000,r25bk00581874|000|화담산-치유센터-건립공사-건축설계공모,화담산 치유센터 건립공사 건축설계공모,20250115,대구광역시 북구,accepted,?? ?? baseline ??? ?? ??,keep,?? ?? baseline ??? ?? ??,화담산 치유센터 건립공사 건축설계공모,대구광역시 북구,R25BK00581424 || R25BK00581874
draft-group-051,1027법난기념관건립1동,1,R25BK00556423,000,r25bk00556423|000|10.27법난기념관-건립-1동-설계공모,10.27법난기념관 건립 1동 설계공모,20250106,(재)대한불교조계종 유지재단,accepted,?? ?? baseline ??? ?? ??,keep,?? ?? baseline ??? ?? ??,10.27법난기념관 건립 1동 설계공모,(재)대한불교조계종 유지재단,R25BK00556423
draft-group-052,2025apec정상회의만찬장건립,1,R25BK00644643,000,r25bk00644643|000|2025-apec-정상회의-만찬장-건립-설계공모(제안공모),2025 APEC 정상회의 만찬장 건립 설계공모(제안공모),20250214,경상북도,accepted,?? ?? baseline ??? ?? ??,keep,?? ?? baseline ??? ?? ??,2025 APEC 정상회의 만찬장 건립 설계공모(제안공모),경상북도,R25BK00644643
draft-group-053,773문화복합단지지원시설조성사업,1,R25BK00579400,000,r25bk00579400|000|k-773-문화복합단지-지원시설-조성사업-설계공모,K-773 문화복합단지 지원시설 조성사업 설계공모,20250114,충청남도 예산군,accepted,?? ?? baseline ??? ?? ??,keep,?? ?? baseline ??? ?? ??,K-773 문화복합단지 지원시설 조성사업 설계공모,충청남도 예산군,R25BK00579400
draft-group-054,bgecbusanglocaleducationcenter신축사업,1,R25BK00822599,000,r25bk00822599|000|bgec(busan-glocal-education-center)-신축사업-건축설계공모-공고,BGEC(Busan Glocal Education Center) 신축사업 건축설계공모 공고,20250501,부산교육대학교,accepted,?? ?? baseline ??? ?? ??,keep,?? ?? baseline ??? ?? ??,BGEC(Busan Glocal Education Center) 신축사업 건축설계공모 공고,부산교육대학교,R25BK00822599
draft-group-055,gist부설ai영재학교,1,R25BK01241416,000,r25bk01241416|000|gist-부설-ai-영재학교-설계용역-설계공모,GIST 부설 AI 영재학교 설계용역 설계공모,20251219,광주과학기술원,accepted,?? ?? baseline ??? ?? ??,keep,?? ?? baseline ??? ?? ??,GIST 부설 AI 영재학교 설계용역 설계공모,광주과학기술원,R25BK01241416
draft-group-057,ktc삼척수소전주기계량신뢰성센터,1,R25BK00844716,000,r25bk00844716|000|ktc-삼척-수소-전주기-계량-신뢰성센터-건축설계공모,KTC 삼척 수소 전주기 계량 신뢰성센터 건축설계공모,20250515,(재)한국기계전기전자시험연구원,accepted,?? ?? baseline ??? ?? ??,keep,?? ?? baseline ??? ?? ??,KTC 삼척 수소 전주기 계량 신뢰성센터 건축설계공모,(재)한국기계전기전자시험연구원,R25BK00844716
draft-group-058,ktc삼척수소전주기계량신뢰성센터변경,1,R25BK00873206,000,r25bk00873206|000|ktc-삼척-수소-전주기-계량-신뢰성센터-건축설계공모(변경공고),KTC 삼척 수소 전주기 계량 신뢰성센터 건축설계공모(변경공고),20250528,(재)한국기계전기전자시험연구원,accepted,?? ?? baseline ??? ?? ??,keep,?? ?? baseline ??? ?? ??,KTC 삼척 수소 전주기 계량 신뢰성센터 건축설계공모(변경공고),(재)한국기계전기전자시험연구원,R25BK00873206
draft-group-059,가곡허브정원웰니스센터조성사업,1,R25BK01244406,000,r25bk01244406|000|가곡허브정원-웰니스센터-조성사업-설계공모,가곡허브정원 웰니스센터 조성사업 설계공모,20251222,강원특별자치도 삼척시,accepted,?? ?? baseline ??? ?? ??,keep,?? ?? baseline ??? ?? ??,가곡허브정원 웰니스센터 조성사업 설계공모,강원특별자치도 삼척시,R25BK01244406
draft-group-060,가칭ys민주역사기념관건립사업,1,20240332745,000,20240332745|000|(가칭)ys민주역사기념관-건립사업-설계공모,(가칭)YS민주역사기념관 건립사업 설계공모,20240320,부산광역시 건설본부,accepted,?? ?? baseline ??? ?? ??,keep,?? ?? baseline ??? ?? ??,(가칭)YS민주역사기념관 건립사업 설계공모,부산광역시 건설본부,20240332745
draft-group-061,가칭강솔초등학교강현캠퍼스신축공사,1,R25BK00912346,000,r25bk00912346|000|(가칭)강솔초등학교-강현캠퍼스-신축공사-설계-공모,(가칭)강솔초등학교 강현캠퍼스 신축공사 설계 공모,20250618,서울특별시교육청 서울특별시강동송파교육지원청,accepted,?? ?? baseline ??? ?? ??,keep,?? ?? baseline ??? ?? ??,(가칭)강솔초등학교 강현캠퍼스 신축공사 설계 공모,서울특별시교육청 서울특별시강동송파교육지원청,R25BK00912346
draft-group-062,가칭경상남도교육청생태환경교육원신축,1,R25BK00861354,000,r25bk00861354|000|(가칭)경상남도교육청-생태환경교육원-신축-설계공모,(가칭)경상남도교육청 생태환경교육원 신축 설계공모,20250522,경상남도교육청,accepted,?? ?? baseline ??? ?? ??,keep,?? ?? baseline ??? ?? ??,(가칭)경상남도교육청 생태환경교육원 신축 설계공모,경상남도교육청,R25BK00861354
draft-group-063,가칭김해한국어교육센터구축사업,1,R25BK00976915,000,r25bk00976915|000|(가칭)김해한국어교육센터-구축사업-설계공모,(가칭)김해한국어교육센터 구축사업 설계공모,20250724,경상남도교육청,accepted,?? ?? baseline ??? ?? ??,keep,?? ?? baseline ??? ?? ??,(가칭)김해한국어교육센터 구축사업 설계공모,경상남도교육청,R25BK00976915
draft-group-064,가칭꿈꾸는체험교육원건립공사,1,R25BK00627829,000,r25bk00627829|000|(가칭)꿈꾸는체험교육원-건립공사-설계공모,(가칭)꿈꾸는체험교육원 건립공사 설계공모,20250210,충청북도교육청,accepted,?? ?? baseline ??? ?? ??,keep,?? ?? baseline ??? ?? ??,(가칭)꿈꾸는체험교육원 건립공사 설계공모,충청북도교육청,R25BK00627829
draft-group-065,가칭내곡유치원신축공사,1,R25BK00815019,000,r25bk00815019|000|(가칭)내곡유치원-신축공사-설계공모,(가칭)내곡유치원 신축공사 설계공모,20250428,충청북도교육청,accepted,?? ?? baseline ??? ?? ??,keep,?? ?? baseline ??? ?? ??,(가칭)내곡유치원 신축공사 설계공모,충청북도교육청,R25BK00815019
draft-group-066,가칭대전학하중신축공사,1,R25BK00926607,000,r25bk00926607|000|(가칭)대전학하중-신축공사-설계공모,(가칭)대전학하중 신축공사 설계공모,20250626,대전광역시교육청,accepted,?? ?? baseline ??? ?? ??,keep,?? ?? baseline ??? ?? ??,(가칭)대전학하중 신축공사 설계공모,대전광역시교육청,R25BK00926607
draft-group-067,가칭둔촌동중학교도시형캠퍼스외1교둔촌초병설유신축공사,1,R25BK00884642,000,r25bk00884642|000|(가칭)둔촌동-중학교-도시형캠퍼스-외-1교(둔촌초병설유)-신축공사-설계-공모,(가칭)둔촌동 중학교 도시형캠퍼스 외 1교(둔촌초병설유) 신축공사 설계 공모,20250604,서울특별시교육청 서울특별시강동송파교육지원청,accepted,?? ?? baseline ??? ?? ??,keep,?? ?? baseline ??? ?? ??,(가칭)둔촌동 중학교 도시형캠퍼스 외 1교(둔촌초병설유) 신축공사 설계 공모,서울특별시교육청 서울특별시강동송파교육지원청,R25BK00884642
draft-group-068,가칭명지3중학교교사신축,1,20240525394,000,20240525394|000|(가칭)명지3중학교-교사신축-건축설계공모,(가칭)명지3중학교 교사신축 건축설계공모,20240521,부산광역시교육청,accepted,?? ?? baseline ??? ?? ??,keep,?? ?? baseline ??? ?? ??,(가칭)명지3중학교 교사신축 건축설계공모,부산광역시교육청,20240525394
draft-group-069,가칭백암복합문화센터건립사업,1,R25BK01249051,000,r25bk01249051|000|(가칭)-백암복합문화센터-건립사업-설계공모,(가칭) 백암복합문화센터 건립사업 설계공모,20251224,경기도 용인시,accepted,?? ?? baseline ??? ?? ??,keep,?? ?? baseline ??? ?? ??,(가칭) 백암복합문화센터 건립사업 설계공모,경기도 용인시,R25BK01249051
draft-group-070,가칭부산환경체험교육관리모델링,1,R25BK00848838,000,r25bk00848838|000|(가칭)부산환경체험교육관-리모델링-건축설계공모,(가칭)부산환경체험교육관 리모델링 건축설계공모,20250515,부산광역시교육청,accepted,?? ?? baseline ??? ?? ??,keep,?? ?? baseline ??? ?? ??,(가칭)부산환경체험교육관 리모델링 건축설계공모,부산광역시교육청,R25BK00848838
draft-group-071,가칭성진학교신설사업,1,R25BK01083636,000,r25bk01083636|000|(가칭)성진학교-신설사업-설계-공모,(가칭)성진학교 신설사업 설계 공모,20251013,서울특별시교육청 서울특별시성동광진교육지원청,accepted,?? ?? baseline ??? ?? ??,keep,?? ?? baseline ??? ?? ??,(가칭)성진학교 신설사업 설계 공모,서울특별시교육청 서울특별시성동광진교육지원청,R25BK01083636
draft-group-072,가칭약수고등학교설립공사,1,R25BK00841822,000,r25bk00841822|000|가칭-약수고등학교-설립공사-건축설계공모,가칭 약수고등학교 설립공사 건축설계공모,20250513,울산광역시교육청,accepted,?? ?? baseline ??? ?? ??,keep,?? ?? baseline ??? ?? ??,가칭 약수고등학교 설립공사 건축설계공모,울산광역시교육청,R25BK00841822
draft-group-073,가칭에코1유치원교사신축,1,R25BK00775320,000,r25bk00775320|000|(가칭)에코1유치원-교사신축-건축설계공모,(가칭)에코1유치원 교사신축 건축설계공모,20250409,부산광역시교육청,accepted,?? ?? baseline ??? ?? ??,keep,?? ?? baseline ??? ?? ??,(가칭)에코1유치원 교사신축 건축설계공모,부산광역시교육청,R25BK00775320
draft-group-074,가칭에코1초등학교교사신축,1,R25BK00789018,000,r25bk00789018|000|(가칭)에코1초등학교-교사신축-건축설계공모,(가칭)에코1초등학교 교사신축 건축설계공모,20250415,부산광역시교육청,accepted,?? ?? baseline ??? ?? ??,keep,?? ?? baseline ??? ?? ??,(가칭)에코1초등학교 교사신축 건축설계공모,부산광역시교육청,R25BK00789018
draft-group-075,가칭에코3고등학교교사신축,1,R25BK01030682,000,r25bk01030682|000|(가칭)에코3고등학교-교사신축-건축설계공모,(가칭)에코3고등학교 교사신축 건축설계공모,20250829,부산광역시교육청,accepted,?? ?? baseline ??? ?? ??,keep,?? ?? baseline ??? ?? ??,(가칭)에코3고등학교 교사신축 건축설계공모,부산광역시교육청,R25BK01030682
draft-group-076,가칭에코3중학교교사신축,1,R25BK00797681,000,r25bk00797681|000|(가칭)에코3중학교-교사신축-건축설계공모,(가칭)에코3중학교 교사신축 건축설계공모,20250418,부산광역시교육청,accepted,?? ?? baseline ??? ?? ??,keep,?? ?? baseline ??? ?? ??,(가칭)에코3중학교 교사신축 건축설계공모,부산광역시교육청,R25BK00797681
draft-group-077,가칭에코6초등학교교사신축,1,R25BK00588019,000,r25bk00588019|000|(가칭)에코6초등학교-교사신축-건축설계공모,(가칭)에코6초등학교 교사신축 건축설계공모,20250117,부산광역시교육청,accepted,?? ?? baseline ??? ?? ??,keep,?? ?? baseline ??? ?? ??,(가칭)에코6초등학교 교사신축 건축설계공모,부산광역시교육청,R25BK00588019
draft-group-078,가칭울산특수교육연구원설립공사,1,R25BK01121268,000,r25bk01121268|000|가칭-울산특수교육연구원-설립공사-건축설계공모,가칭 울산특수교육연구원 설립공사 건축설계공모,20251029,울산광역시교육청,accepted,?? ?? baseline ??? ?? ??,keep,?? ?? baseline ??? ?? ??,가칭 울산특수교육연구원 설립공사 건축설계공모,울산광역시교육청,R25BK01121268
draft-group-079,가칭유아숲생태놀이체험장,1,R25BK00663901,000,r25bk00663901|000|(가칭)유아숲ㆍ생태놀이-체험장-설계공모,(가칭)유아숲ㆍ생태놀이 체험장 설계공모,20250221,전북특별자치도교육청,accepted,?? ?? baseline ??? ?? ??,keep,?? ?? baseline ??? ?? ??,(가칭)유아숲ㆍ생태놀이 체험장 설계공모,전북특별자치도교육청,R25BK00663901
draft-group-080,가칭일광고등학교교사신축,1,20240504406,000,20240504406|000|(가칭)일광고등학교-교사신축-건축설계공모,(가칭)일광고등학교 교사신축 건축설계공모,20240503,부산광역시교육청,accepted,?? ?? baseline ??? ?? ??,keep,?? ?? baseline ??? ?? ??,(가칭)일광고등학교 교사신축 건축설계공모,부산광역시교육청,20240504406
draft-group-081,가칭전라남도교육청역사유물기록원설립개축공사,1,R25BK00943025,000,r25bk00943025|000|가칭-전라남도교육청-역사유물기록원-설립-개축공사-설계공모,가칭 전라남도교육청 역사유물기록원 설립 개축공사 설계공모,20250704,전라남도교육청,accepted,?? ?? baseline ??? ?? ??,keep,?? ?? baseline ??? ?? ??,가칭 전라남도교육청 역사유물기록원 설립 개축공사 설계공모,전라남도교육청,R25BK00943025
draft-group-082,가칭정관2중학교교사신축,1,20240541161,000,20240541161|000|(가칭)정관2중학교-교사신축-건축설계공모,(가칭)정관2중학교 교사신축 건축설계공모,20240531,부산광역시교육청,accepted,?? ?? baseline ??? ?? ??,keep,?? ?? baseline ??? ?? ??,(가칭)정관2중학교 교사신축 건축설계공모,부산광역시교육청,20240541161
draft-group-083,가칭제2다운초등학교신축공사,1,R25BK00785305,000,r25bk00785305|000|가칭-제2다운초등학교-신축공사-건축설계공모,가칭 제2다운초등학교 신축공사 건축설계공모,20250414,울산광역시교육청,accepted,?? ?? baseline ??? ?? ??,keep,?? ?? baseline ??? ?? ??,가칭 제2다운초등학교 신축공사 건축설계공모,울산광역시교육청,R25BK00785305
draft-group-084,가칭제3공립특수학교설립공사,1,R25BK00571443,000,r25bk00571443|000|가칭-제3공립-특수학교-설립공사-건축설계공모,가칭 제3공립 특수학교 설립공사 건축설계공모,20250110,울산광역시교육청,accepted,?? ?? baseline ??? ?? ??,keep,?? ?? baseline ??? ?? ??,가칭 제3공립 특수학교 설립공사 건축설계공모,울산광역시교육청,R25BK00571443
draft-group-085,가칭중부권광역발명교육지원센터건립공사,1,R25BK01114219,000,r25bk01114219|000|(가칭)중부권-광역발명교육지원센터-건립공사-설계공모,(가칭)중부권 광역발명교육지원센터 건립공사 설계공모,20251027,충청북도교육청,accepted,?? ?? baseline ??? ?? ??,keep,?? ?? baseline ??? ?? ??,(가칭)중부권 광역발명교육지원센터 건립공사 설계공모,충청북도교육청,R25BK01114219
draft-group-086,가칭천안업성2유치원교사신축공사,1,R25BK00962842,000,r25bk00962842|000|(가칭)천안업성2유치원-교사-신축공사-설계공모-공고,(가칭)천안업성2유치원 교사 신축공사 설계공모 공고,20250717,충청남도교육청 충청남도천안교육지원청,accepted,?? ?? baseline ??? ?? ??,keep,?? ?? baseline ??? ?? ??,(가칭)천안업성2유치원 교사 신축공사 설계공모 공고,충청남도교육청 충청남도천안교육지원청,R25BK00962842
draft-group-087,가칭탕정3유치원신축공사,1,R25BK00768774,000,r25bk00768774|000|(가칭)탕정3유치원-신축공사-설계공모,(가칭)탕정3유치원 신축공사 설계공모,20250407,충청남도교육청 충청남도아산교육지원청,accepted,?? ?? baseline ??? ?? ??,keep,?? ?? baseline ??? ?? ??,(가칭)탕정3유치원 신축공사 설계공모,충청남도교육청 충청남도아산교육지원청,R25BK00768774
draft-group-088,가칭탕정9초등학교신축공사,1,R25BK00821665,000,r25bk00821665|000|(가칭)탕정9초등학교-신축공사-설계공모,(가칭)탕정9초등학교 신축공사 설계공모,20250430,충청남도교육청 충청남도아산교육지원청,accepted,?? ?? baseline ??? ?? ??,keep,?? ?? baseline ??? ?? ??,(가칭)탕정9초등학교 신축공사 설계공모,충청남도교육청 충청남도아산교육지원청,R25BK00821665
draft-group-089,가칭합강1초등학교신축공사제안,1,R25BK00588430,000,r25bk00588430|000|(가칭)합강1초등학교-신축공사-제안설계공모,(가칭)합강1초등학교 신축공사 제안설계공모,20250117,세종특별자치시교육청,accepted,?? ?? baseline ??? ?? ??,keep,?? ?? baseline ??? ?? ??,(가칭)합강1초등학교 신축공사 제안설계공모,세종특별자치시교육청,R25BK00588430
draft-group-090,가칭해마루고등학교신축공사,1,R25BK00806626,000,r25bk00806626|000|가칭)해마루고등학교-신축공사-설계공모,가칭)해마루고등학교 신축공사 설계공모,20250423,경상북도교육청,accepted,?? ?? baseline ??? ?? ??,keep,?? ?? baseline ??? ?? ??,가칭)해마루고등학교 신축공사 설계공모,경상북도교육청,R25BK00806626
draft-group-091,가칭혁신초중학교신축공사,1,R25BK00644533,000,r25bk00644533|000|(가칭)혁신초중학교-신축공사-설계공모,(가칭)혁신초중학교 신축공사 설계공모,20250214,충청북도교육청,accepted,?? ?? baseline ??? ?? ??,keep,?? ?? baseline ??? ?? ??,(가칭)혁신초중학교 신축공사 설계공모,충청북도교육청,R25BK00644533
draft-group-092,감곡중교실증축기타공사,1,R25BK00664767,000,r25bk00664767|000|감곡중-교실-증축-및-기타공사-설계공모,감곡중 교실 증축 및 기타공사 설계공모,20250301,충청북도교육청 충청북도음성교육지원청,accepted,?? ?? baseline ??? ?? ??,keep,?? ?? baseline ??? ?? ??,감곡중 교실 증축 및 기타공사 설계공모,충청북도교육청 충청북도음성교육지원청,R25BK00664767
draft-group-093,강구항어촌신활력증진사업유형1영덕ui수산복합영덕ui주거플랫폼,1,R25BK01095613,000,r25bk01095613|000|강구항-어촌신활력증진사업(유형1)-영덕ui-수산복합-및-영덕ui-주거-플랫폼-조성사업-건축설계-공모,강구항 어촌신활력증진사업(유형1) 영덕UI 수산복합 및 영덕UI 주거 플랫폼 조성사업 건축설계 공모,20251016,경상북도 영덕군,accepted,?? ?? baseline ??? ?? ??,keep,?? ?? baseline ??? ?? ??,강구항 어촌신활력증진사업(유형1) 영덕UI 수산복합 및 영덕UI 주거 플랫폼 조성사업 건축설계 공모,경상북도 영덕군,R25BK01095613
draft-group-094,강릉시농업기술센터청사신축,1,R25BK01254382,000,r25bk01254382|000|강릉시-농업기술센터-청사-신축-설계공모,강릉시 농업기술센터 청사 신축 설계공모,20251231,강원특별자치도 강릉시 농업기술센터,accepted,?? ?? baseline ??? ?? ??,keep,?? ?? baseline ??? ?? ??,강릉시 농업기술센터 청사 신축 설계공모,강원특별자치도 강릉시 농업기술센터,R25BK01254382
draft-group-095,강원특별자치도노인회관신축,1,R25BK00915730,000,r25bk00915730|000|강원특별자치도-노인회관-신축-설계-공모,강원특별자치도 노인회관 신축 설계 공모,20250623,강원특별자치도,accepted,?? ?? baseline ??? ?? ??,keep,?? ?? baseline ??? ?? ??,강원특별자치도 노인회관 신축 설계 공모,강원특별자치도,R25BK00915730
draft-group-096,강진군실내스포츠센터,1,R25BK00796893,000,r25bk00796893|000|강진군-실내스포츠센터-건립사업-설계공모(간이공모),강진군 실내스포츠센터 건립사업 설계공모(간이공모),20250417,전라남도 강진군,accepted,?? ?? baseline ??? ?? ??,keep,?? ?? baseline ??? ?? ??,강진군 실내스포츠센터 건립사업 설계공모(간이공모),전라남도 강진군,R25BK00796893
draft-group-097,강진목재문화체험장조성사업,1,R25BK00657776,000,r25bk00657776|000|강진-목재문화체험장-조성사업-건축설계-공모,강진 목재문화체험장 조성사업 건축설계 공모,20250219,전라남도 강진군,accepted,?? ?? baseline ??? ?? ??,keep,?? ?? baseline ??? ?? ??,강진 목재문화체험장 조성사업 건축설계 공모,전라남도 강진군,R25BK00657776
draft-group-098,개금동레일스포츠파크조성사업,1,R25BK01059000,000,r25bk01059000|000|개금동-레일스포츠파크-조성사업-설계공모,개금동 레일스포츠파크 조성사업 설계공모,20250915,부산광역시 부산진구,accepted,?? ?? baseline ??? ?? ??,keep,?? ?? baseline ??? ?? ??,개금동 레일스포츠파크 조성사업 설계공모,부산광역시 부산진구,R25BK01059000
draft-group-099,개금동하하haha센터건립,1,20240601551,000,20240601551|000|개금동-하하(haha)센터-건립-건축-설계공모,개금동 하하(HAHA)센터 건립 건축 설계공모,20240611,부산광역시 부산진구,accepted,?? ?? baseline ??? ?? ??,keep,?? ?? baseline ??? ?? ??,개금동 하하(HAHA)센터 건립 건축 설계공모,부산광역시 부산진구,20240601551
draft-group-100,갯벌치유관광플랫폼조성사업,1,R25BK00822480,000,r25bk00822480|000|갯벌치유-관광플랫폼-조성사업-설계공모(제안),갯벌치유 관광플랫폼 조성사업 설계공모(제안),20250430,전라남도 순천시,accepted,?? ?? baseline ??? ?? ??,keep,?? ?? baseline ??? ?? ??,갯벌치유 관광플랫폼 조성사업 설계공모(제안),전라남도 순천시,R25BK00822480
draft-group-101,거제교육지원청청사신축,1,R25BK01029042,000,r25bk01029042|000|거제교육지원청-청사-신축-설계공모-공고,거제교육지원청 청사 신축 설계공모 공고,20250827,경상남도교육청 경상남도거제교육지원청,accepted,?? ?? baseline ??? ?? ??,keep,?? ?? baseline ??? ?? ??,거제교육지원청 청사 신축 설계공모 공고,경상남도교육청 경상남도거제교육지원청,R25BK01029042
draft-group-102,거창군육아드림센터건립사업,1,R25BK01029052,000,r25bk01029052|000|거창군-육아드림센터-건립사업-설계공모,거창군 육아드림센터 건립사업 설계공모,20250827,경상남도 거창군,accepted,?? ?? baseline ??? ?? ??,keep,?? ?? baseline ??? ?? ??,거창군 육아드림센터 건립사업 설계공모,경상남도 거창군,R25BK01029052
draft-group-103,거학초등학교그린스마트스쿨리모델링,1,20240323563,000,20240323563|000|거학초등학교-그린스마트스쿨-리모델링-건축설계공모,거학초등학교 그린스마트스쿨 리모델링 건축설계공모,20240315,부산광역시교육청,accepted,?? ?? baseline ??? ?? ??,keep,?? ?? baseline ??? ?? ??,거학초등학교 그린스마트스쿨 리모델링 건축설계공모,부산광역시교육청,20240323563
draft-group-104,건강검진센터등리모델링,1,R25BK01026744,000,"r25bk01026744|000|「공주의료원-외래,-건강검진센터-등-리모델링」설계공모-(제안공모)","「공주의료원 외래, 건강검진센터 등 리모델링」설계공모 (제안공모)",20250826,충청남도공주의료원,accepted,?? ?? baseline ??? ?? ??,keep,?? ?? baseline ??? ?? ??,"「공주의료원 외래, 건강검진센터 등 리모델링」설계공모 (제안공모)",충청남도공주의료원,R25BK01026744
draft-group-105,검단신도시4단계,1,R25BK01069876,000,r25bk01069876|000|검단신도시-4단계-개발사업(3-1공구)-공원화장실-건립사업-기본-및-실시설계-용역-설계공모(간이공모),검단신도시 4단계 개발사업(3-1공구) 공원화장실 건립사업 기본 및 실시설계 용역 설계공모(간이공모),20250922,인천도시공사,accepted,?? ?? baseline ??? ?? ??,keep,?? ?? baseline ??? ?? ??,검단신도시 4단계 개발사업(3-1공구) 공원화장실 건립사업 기본 및 실시설계 용역 설계공모(간이공모),인천도시공사,R25BK01069876
draft-group-106,경기광주세무서청사신축공사제안,1,R25BK01053568,000,r25bk01053568|000|경기광주세무서-청사-신축공사(제안설계공모),경기광주세무서 청사 신축공사(제안설계공모),20250911,국세청 중부지방국세청 경기광주세무서,accepted,?? ?? baseline ??? ?? ??,keep,?? ?? baseline ??? ?? ??,경기광주세무서 청사 신축공사(제안설계공모),국세청 중부지방국세청 경기광주세무서,R25BK01053568
draft-group-107,경기더드림경기실크리모델링,1,R25BK00793720,000,r25bk00793720|000|경기더드림-경기실크-리모델링-건축설계-공모(제안공모),경기더드림 경기실크 리모델링 건축설계 공모(제안공모),20250416,경기도 여주시,accepted,?? ?? baseline ??? ?? ??,keep,?? ?? baseline ??? ?? ??,경기더드림 경기실크 리모델링 건축설계 공모(제안공모),경기도 여주시,R25BK00793720
draft-group-108,경남글로벌융복합콘텐츠산업타운조성사업,1,R25BK01025173,000,r25bk01025173|000|경남-글로벌-융복합-콘텐츠산업타운-조성사업-건축설계공모-공고,경남 글로벌 융복합 콘텐츠산업타운 조성사업 건축설계공모 공고,20250825,경상남도 김해시,accepted,?? ?? baseline ??? ?? ??,keep,?? ?? baseline ??? ?? ??,경남 글로벌 융복합 콘텐츠산업타운 조성사업 건축설계공모 공고,경상남도 김해시,R25BK01025173
draft-group-109,경덕중학교그린스마트미래학교교사개축공사,1,R25BK00666029,000,r25bk00666029|000|경덕중학교-그린스마트-미래학교-교사-개축공사-설계용역-설계공모,경덕중학교 그린스마트 미래학교 교사 개축공사 설계용역 설계공모,20250224,경상북도안동교육청 경덕중학교,accepted,?? ?? baseline ??? ?? ??,keep,?? ?? baseline ??? ?? ??,경덕중학교 그린스마트 미래학교 교사 개축공사 설계용역 설계공모,경상북도안동교육청 경덕중학교,R25BK00666029
draft-group-110,경동119안전센터건립공사,1,R25BK01133652,000,r25bk01133652|000|경동119안전센터-건립공사-설계공모(간이공모),경동119안전센터 건립공사 설계공모(간이공모),20251105,전라남도 목포소방서,accepted,?? ?? baseline ??? ?? ??,keep,?? ?? baseline ??? ?? ??,경동119안전센터 건립공사 설계공모(간이공모),전라남도 목포소방서,R25BK01133652
draft-group-111,경북대학교급수탑주변공원조성사업,1,R25BK00815011,000,r25bk00815011|000|경북대학교-급수탑-주변-공원-조성사업-설계공모,경북대학교 급수탑 주변 공원 조성사업 설계공모,20250428,경북대학교,accepted,?? ?? baseline ??? ?? ??,keep,?? ?? baseline ??? ?? ??,경북대학교 급수탑 주변 공원 조성사업 설계공모,경북대학교,R25BK00815011
draft-group-112,경북대학교중앙도서관리모델링서고확장,1,R25BK00818636,000,r25bk00818636|000|경북대학교-중앙도서관-리모델링-및-서고확장-설계용역-설계공모,경북대학교 중앙도서관 리모델링 및 서고확장 설계용역 설계공모,20250429,경북대학교,accepted,?? ?? baseline ??? ?? ??,keep,?? ?? baseline ??? ?? ??,경북대학교 중앙도서관 리모델링 및 서고확장 설계용역 설계공모,경북대학교,R25BK00818636
draft-group-113,경상남도교육청함양도서관이전신축,1,R25BK00554120,000,r25bk00554120|000|경상남도교육청-함양도서관-이전-신축-설계공모,경상남도교육청 함양도서관 이전 신축 설계공모,20250106,경상남도교육청 경상남도함양교육지원청,accepted,?? ?? baseline ??? ?? ??,keep,?? ?? baseline ??? ?? ??,경상남도교육청 함양도서관 이전 신축 설계공모,경상남도교육청 경상남도함양교육지원청,R25BK00554120
draft-group-114,경상남도역사문화공원건립사업,1,R25BK01048363,000,r25bk01048363|000|경상남도-역사문화공원-건립사업-기본.실시설계용역-설계공모-공고,경상남도 역사문화공원 건립사업 기본.실시설계용역 설계공모 공고,20250909,경상남도,accepted,?? ?? baseline ??? ?? ??,keep,?? ?? baseline ??? ?? ??,경상남도 역사문화공원 건립사업 기본.실시설계용역 설계공모 공고,경상남도,R25BK01048363
draft-group-115,경상북도교육청환경교육센터구축사업,1,R25BK00600042,000,r25bk00600042|000|경상북도교육청-환경교육센터-구축사업-건축설계공모,경상북도교육청 환경교육센터 구축사업 건축설계공모,20250123,경상북도교육청,accepted,?? ?? baseline ??? ?? ??,keep,?? ?? baseline ??? ?? ??,경상북도교육청 환경교육센터 구축사업 건축설계공모,경상북도교육청,R25BK00600042
draft-group-116,경상북도국민안전체험관건립,1,R25BK01169662,000,r25bk01169662|000|경상북도-국민안전체험관건립-설계공모,경상북도 국민안전체험관건립 설계공모,20251120,경상북도,accepted,?? ?? baseline ??? ?? ??,keep,?? ?? baseline ??? ?? ??,경상북도 국민안전체험관건립 설계공모,경상북도,R25BK01169662
draft-group-117,경상북도사회복지회관등건립,1,R25BK00887973,000,r25bk00887973|000|경상북도-사회복지회관-등-건립-설계공모,경상북도 사회복지회관 등 건립 설계공모,20250605,경상북도,accepted,?? ?? baseline ??? ?? ??,keep,?? ?? baseline ??? ?? ??,경상북도 사회복지회관 등 건립 설계공모,경상북도,R25BK00887973
draft-group-118,경주시복합문화도서관가칭건립국제,1,R25BK01063843,000,r25bk01063843|000|경주시-복합문화도서관(가칭)-건립-국제설계공모,경주시 복합문화도서관(가칭) 건립 국제설계공모,20250917,경상북도 경주시 시립도서관,accepted,?? ?? baseline ??? ?? ??,keep,?? ?? baseline ??? ?? ??,경주시 복합문화도서관(가칭) 건립 국제설계공모,경상북도 경주시 시립도서관,R25BK01063843
draft-group-119,계곡면기초생활거점조성사업세부,1,R25BK00985538,000,r25bk00985538|000|계곡면-기초생활거점조성사업-세부설계용역-건축설계공모,계곡면 기초생활거점조성사업 세부설계용역 건축설계공모,20250730,한국농어촌공사 전남지역본부 해남.완도지사,accepted,?? ?? baseline ??? ?? ??,keep,?? ?? baseline ??? ?? ??,계곡면 기초생활거점조성사업 세부설계용역 건축설계공모,한국농어촌공사 전남지역본부 해남.완도지사,R25BK00985538
draft-group-120,계촌웰컴센터,1,R25BK01005737,000,r25bk01005737|000|계촌-웰컴센터-공연장-조성사업-기본-및-실시설계-용역-일반설계-공모,계촌 웰컴센터 공연장 조성사업 기본 및 실시설계 용역 일반설계 공모,20250812,강원특별자치도 평창군,accepted,?? ?? baseline ??? ?? ??,keep,?? ?? baseline ??? ?? ??,계촌 웰컴센터 공연장 조성사업 기본 및 실시설계 용역 일반설계 공모,강원특별자치도 평창군,R25BK01005737
draft-group-121,계획공모형지역관광개발기반시설부분,1,R25BK01154055,000,r25bk01154055|000|계획공모형-지역관광개발(기반시설-부분)-건축설계공모,계획공모형 지역관광개발(기반시설 부분) 건축설계공모,20251114,강원특별자치도 영월군,accepted,?? ?? baseline ??? ?? ??,keep,?? ?? baseline ??? ?? ??,계획공모형 지역관광개발(기반시설 부분) 건축설계공모,강원특별자치도 영월군,R25BK01154055
draft-group-122,고군농공단지청년문화센터건립사업,1,R25BK00742725,000,r25bk00742725|000|고군농공단지-청년문화센터-건립사업-건축-설계공모,고군농공단지 청년문화센터 건립사업 건축 설계공모,20250325,전라남도 진도군,accepted,?? ?? baseline ??? ?? ??,keep,?? ?? baseline ??? ?? ??,고군농공단지 청년문화센터 건립사업 건축 설계공모,전라남도 진도군,R25BK00742725
draft-group-123,고덕면행정복지센터,1,R25BK01135380,000,r25bk01135380|000|고덕면-행정복지센터-및-고덕보건지소-건립-기본-및-실시설계-용역(제안설계공모),고덕면 행정복지센터 및 고덕보건지소 건립 기본 및 실시설계 용역(제안설계공모),20251105,경기도 평택시,accepted,?? ?? baseline ??? ?? ??,keep,?? ?? baseline ??? ?? ??,고덕면 행정복지센터 및 고덕보건지소 건립 기본 및 실시설계 용역(제안설계공모),경기도 평택시,R25BK01135380
draft-group-124,고성소방서회화119안전센터신축사업,1,R25BK00882710,000,r25bk00882710|000|고성소방서-회화119안전센터-신축사업-기본·실시설계용역-설계공모-공고,고성소방서 회화119안전센터 신축사업 기본·실시설계용역 설계공모 공고,20250602,경상남도,accepted,?? ?? baseline ??? ?? ??,keep,?? ?? baseline ??? ?? ??,고성소방서 회화119안전센터 신축사업 기본·실시설계용역 설계공모 공고,경상남도,R25BK00882710
draft-group-125,고성웰니스워케이션센터조성사업,1,R25BK00736313,000,r25bk00736313|000|고성-웰니스-워케이션센터-조성사업-건축-설계공모,고성 웰니스 워케이션센터 조성사업 건축 설계공모,20250324,제주특별자치도개발공사,accepted,?? ?? baseline ??? ?? ??,keep,?? ?? baseline ??? ?? ??,고성 웰니스 워케이션센터 조성사업 건축 설계공모,제주특별자치도개발공사,R25BK00736313
draft-group-126,고아농공청년문화센터건립공사,1,R25BK01077803,000,r25bk01077803|000|고아농공-청년문화센터-건립공사-설계용역-설계공모,고아농공 청년문화센터 건립공사 설계용역 설계공모,20250925,경상북도 구미시,accepted,?? ?? baseline ??? ?? ??,keep,?? ?? baseline ??? ?? ??,고아농공 청년문화센터 건립공사 설계용역 설계공모,경상북도 구미시,R25BK01077803
draft-group-127,고양관산119안전센터신축,1,R25BK01200355,000,r25bk01200355|000|고양-관산119안전센터-신축-설계공모,고양 관산119안전센터 신축 설계공모,20251203,경기도 소방재난본부,accepted,?? ?? baseline ??? ?? ??,keep,?? ?? baseline ??? ?? ??,고양 관산119안전센터 신축 설계공모,경기도 소방재난본부,R25BK01200355
draft-group-128,고창군목재문화체험장조성사업제안서제출안내,1,R25BK01023832,000,r25bk01023832|000|고창군-목재문화체험장-조성사업-건축설계공모-제안서-제출-안내,고창군 목재문화체험장 조성사업 건축설계공모 제안서 제출 안내,20250825,전북특별자치도 고창군,accepted,?? ?? baseline ??? ?? ??,keep,?? ?? baseline ??? ?? ??,고창군 목재문화체험장 조성사업 건축설계공모 제안서 제출 안내,전북특별자치도 고창군,R25BK01023832
draft-group-129,고창동학농민혁명제출안내,1,R25BK00671868,000,r25bk00671868|000|고창-동학농민혁명-성지화-사업-기본-및-실시설계-공모-제안서-제출-안내,고창 동학농민혁명 성지화 사업 기본 및 실시설계 공모 제안서 제출 안내,20250226,전북특별자치도 고창군,accepted,?? ?? baseline ??? ?? ??,keep,?? ?? baseline ??? ?? ??,고창 동학농민혁명 성지화 사업 기본 및 실시설계 공모 제안서 제출 안내,전북특별자치도 고창군,R25BK00671868
draft-group-130,고창터미널도시재생혁신지구사업제안서제출안내,1,R25BK00827063,000,r25bk00827063|000|고창-터미널-도시재생-혁신지구사업-건축설계-공모-제안서-제출-안내,고창 터미널 도시재생 혁신지구사업 건축설계 공모 제안서 제출 안내,20250502,전북특별자치도 고창군,accepted,?? ?? baseline ??? ?? ??,keep,?? ?? baseline ??? ?? ??,고창 터미널 도시재생 혁신지구사업 건축설계 공모 제안서 제출 안내,전북특별자치도 고창군,R25BK00827063
draft-group-131,고흥문화원원사건립사업일반,1,R25BK01194472,000,r25bk01194472|000|고흥문화원-원사-건립사업-일반-설계공모,고흥문화원 원사 건립사업 일반 설계공모,20251201,전라남도 고흥군,accepted,?? ?? baseline ??? ?? ??,keep,?? ?? baseline ??? ?? ??,고흥문화원 원사 건립사업 일반 설계공모,전라남도 고흥군,R25BK01194472
draft-group-132,공고대행구미기독교역사문화관건립제안,1,R25BK01031168,000,r25bk01031168|000|(공고대행)-구미-기독교역사문화관-건립-건축-설계공모(제안공고)-공고,(공고대행) 구미 기독교역사문화관 건립 건축 설계공모(제안공고) 공고,20250828,경상북도 구미시,accepted,?? ?? baseline ??? ?? ??,keep,?? ?? baseline ??? ?? ??,(공고대행) 구미 기독교역사문화관 건립 건축 설계공모(제안공고) 공고,경상북도 구미시,R25BK01031168
draft-group-133,공고울진청년창업복합문화센터건립사업,1,R25BK00832768,001,r25bk00832768|001|건축-설계공모-공고[울진-청년창업복합문화센터-건립사업],건축 설계공모 공고[울진 청년창업복합문화센터 건립사업],20250508,경상북도 울진군,accepted,?? ?? baseline ??? ?? ??,keep,?? ?? baseline ??? ?? ??,건축 설계공모 공고[울진 청년창업복합문화센터 건립사업],경상북도 울진군,R25BK00832768
draft-group-134,공공산후조리원행복맘센터건립사업,1,R25BK00853258,000,r25bk00853258|000|공공산후조리원-및-행복맘센터-건립사업-설계공모,공공산후조리원 및 행복맘센터 건립사업 설계공모,20250519,경상남도 거창군,accepted,?? ?? baseline ??? ?? ??,keep,?? ?? baseline ??? ?? ??,공공산후조리원 및 행복맘센터 건립사업 설계공모,경상남도 거창군,R25BK00853258
draft-group-135,공영주차장관리사무실,1,R25BK00634897,000,r25bk00634897|000|공영주차장-관리사무실-건립-설계공모(간이공모),공영주차장 관리사무실 건립 설계공모(간이공모),20250211,경기도 남양주시,accepted,?? ?? baseline ??? ?? ??,keep,?? ?? baseline ??? ?? ??,공영주차장 관리사무실 건립 설계공모(간이공모),경기도 남양주시,R25BK00634897
draft-group-136,과학영농종합기술관신축공사,1,R25BK00999958,000,r25bk00999958|000|과학영농-종합기술관-신축공사-건축-설계공모,과학영농 종합기술관 신축공사 건축 설계공모,20250807,전라남도 장흥군,accepted,?? ?? baseline ??? ?? ??,keep,?? ?? baseline ??? ?? ??,과학영농 종합기술관 신축공사 건축 설계공모,전라남도 장흥군,R25BK00999958
draft-group-137,광명소방서다목적훈련센터건립,1,R25BK01103661,000,r25bk01103661|000|광명소방서-다목적-훈련센터-건립-설계공모,광명소방서 다목적 훈련센터 건립 설계공모,20251022,경기도 광명소방서,accepted,?? ?? baseline ??? ?? ??,keep,?? ?? baseline ??? ?? ??,광명소방서 다목적 훈련센터 건립 설계공모,경기도 광명소방서,R25BK01103661
draft-group-138,광산구반다비체육센터건립사업,1,R25BK00690565,000,r25bk00690565|000|광산구-반다비체육센터-건립사업-설계-공모-용역,광산구 반다비체육센터 건립사업 설계 공모 용역,20250307,광주광역시 광산구,accepted,?? ?? baseline ??? ?? ??,keep,?? ?? baseline ??? ?? ??,광산구 반다비체육센터 건립사업 설계 공모 용역,광주광역시 광산구,R25BK00690565
draft-group-139,광시면기초생활거점조성사업광시어울림센터,1,R25BK00930001,000,r25bk00930001|000|광시면-기초생활거점조성사업-광시-어울림센터-설계공모(제안공모),광시면 기초생활거점조성사업 광시 어울림센터 설계공모(제안공모),20250626,충청남도 예산군,accepted,?? ?? baseline ??? ?? ??,keep,?? ?? baseline ??? ?? ??,광시면 기초생활거점조성사업 광시 어울림센터 설계공모(제안공모),충청남도 예산군,R25BK00930001
draft-group-140,광양서초본관동공간재구조화개축공사,1,R25BK01056657,000,r25bk01056657|000|광양서초-본관동-공간재구조화-개축공사-설계공모(제안공모),광양서초 본관동 공간재구조화 개축공사 설계공모(제안공모),20250912,전라남도교육청 전라남도광양교육지원청,accepted,?? ?? baseline ??? ?? ??,keep,?? ?? baseline ??? ?? ??,광양서초 본관동 공간재구조화 개축공사 설계공모(제안공모),전라남도교육청 전라남도광양교육지원청,R25BK01056657
draft-group-142,광혜원면농촌중심지활성화사업,1,R25BK01040377,000,r25bk01040377|000|『광혜원면-농촌중심지-활성화사업』설계공모-공고[입찰대행],『광혜원면 농촌중심지 활성화사업』설계공모 공고[입찰대행],20250903,충청북도 진천군,accepted,?? ?? baseline ??? ?? ??,keep,?? ?? baseline ??? ?? ??,『광혜원면 농촌중심지 활성화사업』설계공모 공고[입찰대행],충청북도 진천군,R25BK01040377
draft-group-143,구덕민속예술관건립사업,1,20240103765,000,20240103765|000|구덕-민속예술관-건립사업-설계공모,구덕 민속예술관 건립사업 설계공모,20240105,부산광역시 건설본부,accepted,?? ?? baseline ??? ?? ??,keep,?? ?? baseline ??? ?? ??,구덕 민속예술관 건립사업 설계공모,부산광역시 건설본부,20240103765
draft-group-144,구미시가족센터증축공사,1,R25BK00941092,000,r25bk00941092|000|구미시-가족센터-증축공사-설계용역-설계공모-공고,구미시 가족센터 증축공사 설계용역 설계공모 공고,20250703,경상북도 구미시,accepted,?? ?? baseline ??? ?? ??,keep,?? ?? baseline ??? ?? ??,구미시 가족센터 증축공사 설계용역 설계공모 공고,경상북도 구미시,R25BK00941092
draft-group-145,구미육상전지훈련장에어돔조성사업,1,R25BK00612906,000,r25bk00612906|000|구미-육상전지훈련장(에어돔)-조성사업-건축-설계공모(제안공모)-공고,구미 육상전지훈련장(에어돔) 조성사업 건축 설계공모(제안공모) 공고,20250203,경상북도 구미시,accepted,?? ?? baseline ??? ?? ??,keep,?? ?? baseline ??? ?? ??,구미 육상전지훈련장(에어돔) 조성사업 건축 설계공모(제안공모) 공고,경상북도 구미시,R25BK00612906
draft-group-147,구서여중학교공간재구조화리모델링,1,R25BK00712759,000,r25bk00712759|000|구서여중학교-공간재구조화-리모델링-건축설계공모,구서여중학교 공간재구조화 리모델링 건축설계공모,20250314,부산광역시교육청,accepted,?? ?? baseline ??? ?? ??,keep,?? ?? baseline ??? ?? ??,구서여중학교 공간재구조화 리모델링 건축설계공모,부산광역시교육청,R25BK00712759
draft-group-148,구암동고분군관리센터신축,1,R25BK00581885,000,r25bk00581885|000|구암동고분군-관리센터-신축-건축설계공모,구암동고분군 관리센터 신축 건축설계공모,20250115,대구광역시 북구,accepted,?? ?? baseline ??? ?? ??,keep,?? ?? baseline ??? ?? ??,구암동고분군 관리센터 신축 건축설계공모,대구광역시 북구,R25BK00581885
draft-group-149,구의회동리모델링,1,R25BK00557215,000,r25bk00557215|000|구-의회동-리모델링-건축설계-공모,구 의회동 리모델링 건축설계 공모,20250106,충청북도,accepted,?? ?? baseline ??? ?? ??,keep,?? ?? baseline ??? ?? ??,구 의회동 리모델링 건축설계 공모,충청북도,R25BK00557215
draft-group-150,국립태안해양유물전시관개방형수장고건립공사,1,R25BK00678660,000,r25bk00678660|000|국립태안해양유물전시관-개방형-수장고-건립공사-설계공모,국립태안해양유물전시관 개방형 수장고 건립공사 설계공모,20250228,국가유산청 국립해양유산연구소,accepted,?? ?? baseline ??? ?? ??,keep,?? ?? baseline ??? ?? ??,국립태안해양유물전시관 개방형 수장고 건립공사 설계공모,국가유산청 국립해양유산연구소,R25BK00678660
